<Ui xmlns="http://www.blizzard.com/wow/ui/" xmlns:xsi="http://www.w3.org/2001/XMLSchema-instance" xsi:schemaLocation="http://www.blizzard.com/wow/ui/
..\FrameXML\UI.xsd">
	<Script file="OM_InvasionDataProvider.lua"/>

	<Frame name="OmegaMapInvasionOverlayTemplate" useParentLevel="true" virtual="true">
		<Size x="1004" y="672"/>
		<Layers>
			<Layer level="BACKGROUND" textureSubLevel="1">
				<Texture parentKey="OmegaMapInvasionOverlay" atlas="legioninvasion-map-cover" />
				<Texture parentKey="OmegaMapAreaPOIBannerOverlay" atlas="legioninvasion-map-cover"/>
			</Layer>
		</Layers>
	</Frame>
</Ui>
