<!-- 
/////////////////////////////////////////////////////////////////////////////
	This is a modified version of Blizzard's WorldMapFrameTemplates.xml file (v5.0.4 r16016)
/////////////////////////////////////////////////////////////////////////////
-->
<Ui xmlns="http://www.blizzard.com/wow/ui/" xmlns:xsi="http://www.w3.org/2001/XMLSchema-instance" xsi:schemaLocation="http://www.blizzard.com/wow/ui/
..\FrameXML\UI.xsd">

	<Frame name="OmegaMapPartyUnitTemplate" inherits="OmegaMapUnitTemplate" virtual="true">
		<Scripts>
			<OnLoad>
				--OmegaMapUnit_OnLoad(self);--?
				self.unit = "party"..self:GetID();
			</OnLoad>
		</Scripts>
	</Frame>
	<Frame name="OmegaMapRaidUnitTemplate" inherits="OmegaMapUnitTemplate" virtual="true">
		<Scripts>
			<OnLoad>
				--OmegaMapUnit_OnLoad(self);--?
				self.unit = "raid"..self:GetID();
			</OnLoad>
		</Scripts>
	</Frame>
	<Frame name="OmegaMapFlagTemplate" hidden="true" virtual="true">
		<Size>
			<AbsDimension x="24" y="24"/>
		</Size>
		<Anchors>
			<Anchor point="CENTER"/>
		</Anchors>
		<Layers>
			<Layer level="ARTWORK">
				<Texture name="$parentTexture" setAllPoints="true"/>
			</Layer>
		</Layers>
		<Scripts>
			<OnLoad>
				RaiseFrameLevelByTwo(self);
			</OnLoad>			
		</Scripts>
	</Frame>
	<Frame name="OmegaMapVehicleTemplate" hidden="true" virtual="true">
		<Size>
			<AbsDimension x="45" y="45"/>
		</Size>
		<Anchors>
			<Anchor point="CENTER"/>
		</Anchors>
		<HitRectInsets>
			<AbsInset left="10" right="10" top="10" bottom="10"/>
		</HitRectInsets>
		<Layers>
			<Layer level="ARTWORK">
				<Texture name="$parentTexture" setAllPoints="true"/>
			</Layer>
		</Layers>
		<Scripts>
			<OnLoad>
				RaiseFrameLevelByTwo(self);
			</OnLoad>
			<OnEnter>
				OmegaMapUnit_OnEnter(self, motion);
			</OnEnter>
			<OnLeave>
				OmegaMapUnit_OnLeave(self, motion);
			</OnLeave>
		</Scripts>
	</Frame>
	<Frame name="OmegaMapStoryLineTemplate" hidden="true" virtual="true">
		<Size x="22" y="22" />
		<HitRectInsets>
			<AbsInset left="4" right="4" top="0" bottom="0"/>
		</HitRectInsets>
		<Layers>
			<Layer level="ARTWORK">
				<Texture parentKey="Texture" atlas="QuestNormal"/>
				<Texture parentKey="Above" atlas="MiniMap-PositionArrowUp" hidden="true">
					<Size x="32" y="32"/>
					<Anchors>
						<Anchor point="CENTER" x="0" y="4"/>
					</Anchors>
				</Texture>
				<Texture parentKey="Below" atlas="MiniMap-PositionArrowDown" hidden="true">
					<Size x="32" y="32"/>
					<Anchors>
						<Anchor point="CENTER" x="0" y="-4"/>
					</Anchors>
				</Texture>
			</Layer>
		</Layers>
		<Scripts>
			<OnEnter>
				local questLineName, questName, _, _, _, floorLocation = C_Questline.GetQuestlineInfoByIndex(self.index);
				if ( questName ) then
					OmegaMapTooltip:SetOwner(self, "ANCHOR_LEFT");
					OmegaMapTooltip:SetText(questName);
					OmegaMapTooltip:AddLine(AVAILABLE_QUEST, 1, 1, 1, true);
					if (floorLocation == LE_QUESTLINE_FLOOR_LOCATION_BELOW) then
						OmegaMapTooltip:AddLine(QUESTLINE_LOCATED_BELOW, 0.5, 0.5, 0.5, true);
					elseif (floorLocation == LE_QUESTLINE_FLOOR_LOCATION_ABOVE) then
						OmegaMapTooltip:AddLine(QUESTLINE_LOCATED_ABOVE, 0.5, 0.5, 0.5, true);
					end
					OmegaMapTooltip:Show();
				end
			</OnEnter>
			<OnLeave>
				OmegaMapTooltip:Hide();
			</OnLeave>
		</Scripts>
	</Frame>
	<Frame name="OmegaMapCorpseTemplate" hidden="true" virtual="true" toplevel="true">
		<Size>
			<AbsDimension x="16" y="16"/>
		</Size>
		<Anchors>
			<Anchor point="CENTER"/>
		</Anchors>
		<Layers>
			<Layer level="ARTWORK">
				<Texture file="Interface\Minimap\POIIcons" setAllPoints="true">
					<TexCoords left="0.56640625" right="0.6328125" top="0.001953125" bottom="0.03515625"/>
				</Texture>
			</Layer>
		</Layers>
		<Scripts>
			<OnLoad>
				RaiseFrameLevel(self);
			</OnLoad>
			<OnEnter>
				local x, y = self:GetCenter();
				local parentX, parentY = self:GetParent():GetCenter();
				if ( x > parentX ) then
					OmegaMapTooltip:SetOwner(self, "ANCHOR_LEFT");
				else
					OmegaMapTooltip:SetOwner(self, "ANCHOR_RIGHT");
				end
				OmegaMapTooltip:SetText(CORPSE_RED);
				OmegaMapTooltip:Show();
			</OnEnter>
			<OnLeave>
				OmegaMapTooltip:Hide();
			</OnLeave>
		</Scripts>
	</Frame>
	<Button name="OmegaMapFakeButtonTemplate" virtual="true">
		<Scripts>
			<OnMouseDown function="OmegaMapButton_OnMouseDown"/>
			<OnMouseUp function="OmegaMapButton_OnMouseUp"/>
			<OnClick function="OmegaMapFakeButton_OnClick"/>
		</Scripts>
	</Button>
	<Button name="OmegaMapMaelstromButtonTemplate" inherits="OmegaMapFakeButtonTemplate" hidden="true" virtual="true">
		<Scripts>
			<OnLoad>
				self:RegisterForClicks("LeftButtonUp", "RightButtonUp");
				local zoneName = self:GetText();
				self.zoneID = MAELSTROM_ZONES_ID[zoneName];
				self.minLevel = MAELSTROM_ZONES_LEVELS[zoneName].minLevel;
				self.maxLevel = MAELSTROM_ZONES_LEVELS[zoneName].maxLevel;
				self.petMinLevel = MAELSTROM_ZONES_LEVELS[zoneName].petMinLevel;
				self.petMaxLevel = MAELSTROM_ZONES_LEVELS[zoneName].petMaxLevel;

			</OnLoad>
			<OnEnter>
				OmegaMapFrame.maelstromZoneText = GetMapNameByID(self.zoneID);
				OmegaMapFrame.minLevel = self.minLevel;
				OmegaMapFrame.maxLevel = self.maxLevel;
				OmegaMapFrame.petMinLevel = self.petMinLevel;
				OmegaMapFrame.petMaxLevel = self.petMaxLevel;

			</OnEnter>
			<OnLeave>
				OmegaMapFrame.maelstromZoneText = nil;
				OmegaMapFrame.minLevel = nil;
				OmegaMapFrame.maxLevel = nil;
				OmegaMapFrame.petMinLevel = nil;
				OmegaMapFrame.petMaxLevel = nil;
			</OnLeave>
		</Scripts>
	</Button>

	<Button name="OmegaMapEncounterButtonTemplate" virtual="true">
		<Size x="50" y="49"/>
		<Layers>
			<Layer level="BACKGROUND">
				<Texture name="$parentbgImage" parentKey="bgImage">
					<Size x="36" y="36"/>
					<Anchors>
						<Anchor point="CENTER" x="0" y="0"/>
					</Anchors>
				</Texture>
			</Layer>
		</Layers>
		<NormalTexture file="Interface\EncounterJournal\UI-EncounterJournalTextures">
			<TexCoords left="0.84960938" right="0.97070313" top="0.42871094" bottom="0.48828125"/>
		</NormalTexture>
		<PushedTexture file="Interface\EncounterJournal\UI-EncounterJournalTextures">
			<TexCoords left="0.77734375" right="0.89843750" top="0.26953125" bottom="0.32910156"/>
		</PushedTexture>
		<HighlightTexture file="Interface\EncounterJournal\UI-EncounterJournalTextures">
			<TexCoords left="0.68945313" right="0.81054688" top="0.33300781" bottom="0.39257813"/>
		</HighlightTexture>
		<Scripts>
			<OnEnter>
				if self.tooltipTitle then
					OmegaMapTooltip:SetOwner(self, "ANCHOR_LEFT");
					OmegaMapTooltip:SetText(self.tooltipTitle,1,1,1);
					OmegaMapTooltip:AddLine(self.tooltipText, nil, nil, nil, 1);
					OmegaMapTooltip:Show();
			   end
			</OnEnter>
			<OnLeave>
				OmegaMapTooltip:Hide();
			</OnLeave>
			<OnShow>
				self:SetFrameLevel(self:GetParent():GetFrameLevel() + 10);
			</OnShow>
			<OnClick>
				--if WORLDMAP_SETTINGS.size ~= WORLDMAP_WINDOWED_SIZE then
				   -- ToggleFrame(WorldMapFrame)
			   -- end
			 
				if not EncounterJournal or not EncounterJournal:IsShown() then
					ToggleEncounterJournal();
				end
				EncounterJournal_ListInstances();
				EncounterJournal_DisplayInstance(self.instanceID);
				EncounterJournal_DisplayEncounter(self.encounterID);
			</OnClick>
		</Scripts>
	</Button>
	<Button name="OmegaMapBountyBoardTabTemplate" virtual="true">
		<Size x="44" y="44" />
		<Layers>
			<Layer level="BACKGROUND" textureSubLevel="-1">
				<Texture parentKey="Icon" mask="Interface\CharacterFrame\TempPortraitAlphaMask">
					<Size x="30" y="30" />
					<Anchors>
						<Anchor point="CENTER" y="1"/>
					</Anchors>
				</Texture>
				<Texture parentKey="EmptyIcon" atlas="worldquest-tracker-bg-noemissary" useAtlasSize="true">
					<Anchors>
						<Anchor point="CENTER" y="2"/>
					</Anchors>
				</Texture>
			</Layer>
		</Layers>
		<Frames>
			<Frame parentKey="CheckMark" setAllPoints="true">
				<Layers>
					<Layer level="ARTWORK" textureSubLevel="1">
						<Texture parentKey="Texture" atlas="worldquest-tracker-checkmark" useAtlasSize="true">
							<Anchors>
								<Anchor point="CENTER" />
							</Anchors>
						</Texture>
					</Layer>
				</Layers>
			</Frame>
		</Frames>

		<Scripts>
			<OnLoad>
				self:RegisterForClicks("LeftButtonDown");
			</OnLoad>
			<OnEnter>
				self:GetParent():OnTabEnter(self);
			</OnEnter>
			<OnLeave>
				self:GetParent():OnTabLeave(self);
			</OnLeave>
			<OnClick>
				self:GetParent():OnTabClick(self);
			</OnClick>
		</Scripts>
	</Button>

	<Frame name="OmegaMapBountyBoardObjectiveTemplate" virtual="true">
		<Size x="35" y="35" />
		<Layers>
			<Layer level="ARTWORK">
				<Texture parentKey="MarkerTexture">
					<Anchors>
						<Anchor point="CENTER" />
					</Anchors>
				</Texture>
			</Layer>
			<Layer level="ARTWORK" textureSubLevel="1">
				<Texture parentKey="CheckMarkTexture" atlas="worldquest-tracker-checkmark" useAtlasSize="true">
					<Anchors>
						<Anchor point="CENTER" />
					</Anchors>
				</Texture>
			</Layer>
		</Layers>
	</Frame>

	<Frame name="OmegaMapBountyBoardTemplate" mixin="OmegaMapBountyBoardMixin" enableMouse="true" virtual="true">
		<Size x="244" y="103" />
		<HitRectInsets left="35" right="35" top="40" bottom="5" />
		<Layers>
			<Layer level="BACKGROUND">
				<Texture parentKey="TrackerBackground" atlas="worldquest-tracker" useAtlasSize="true">
					<Anchors>
						<Anchor point="BOTTOM" />
					</Anchors>
				</Texture>
			</Layer>
			<Layer level="BACKGROUND" textureSubLevel="1">
				<Texture parentKey="DesaturatedTrackerBackground" atlas="worldquest-tracker" useAtlasSize="true" desaturated="true" alpha=".7">
					<Anchors>
						<Anchor point="CENTER" relativeKey="$parent.TrackerBackground" />
					</Anchors>
				</Texture>
			</Layer>
			<Layer level="ARTWORK">
				<FontString parentKey="BountyName" mixin="ShrinkUntilTruncateFontStringMixin" maxLines="1">
					<Size x="170" />
					<Anchors>
						<Anchor point="CENTER" relativeKey="$parent.TrackerBackground" y="17" />
					</Anchors>
				</FontString>
			</Layer>
			<Layer level="OVERLAY">
				<Texture parentKey="Locked" atlas="worldquest-tracker-lock" useAtlasSize="true">
					<Anchors>
						<Anchor point="CENTER" y="-25" />
					</Anchors>
				</Texture>
			</Layer>
		</Layers>
		<Frames>
			<Frame parentKey="TutorialBox" inherits="GlowBoxTemplate" enableMouse="true" hidden="true" frameStrata="DIALOG">
				<Size x="220" y="100"/>
				<Layers>
					<Layer level="OVERLAY">
						<FontString parentKey="Text" inherits="GameFontHighlightLeft" justifyV="TOP">
							<Size x="188" y="0"/>
							<Anchors>
								<Anchor point="TOPLEFT" x="16" y="-24"/>
							</Anchors>
						</FontString>
					</Layer>
				</Layers>
				<Frames>
					<Button parentKey="CloseButton" inherits="UIPanelCloseButton">
						<Anchors>
							<Anchor point="TOPRIGHT" x="6" y="6"/>
						</Anchors>
						<Scripts>
							<OnClick inherit="append">
								if self:GetParent().activeTutorial then
									SetCVarBitfield("closedInfoFrames", self:GetParent().activeTutorial, true);
								end
							</OnClick>
						</Scripts>
					</Button>
					<Frame parentKey="Arrow" inherits="GlowBoxArrowTemplate" />
				</Frames>
				<Scripts>
					<OnLoad>
						self.Text:SetSpacing(4);
					</OnLoad>
					<OnShow>
						self:SetHeight(self.Text:GetHeight() + 42);
					</OnShow>
					<OnHide>
						self.activeTutorial = nil;
					</OnHide>
				</Scripts>
			</Frame>
		</Frames>
		<Scripts>
			<OnLoad method="OnLoad" />
			<OnShow method="OnShow" />
			<OnEvent method="OnEvent" />
			<OnEnter method="OnEnter" />
			<OnLeave method="OnLeave" />
		</Scripts>
	</Frame>

	<Frame name="OmegaMapActionButtonTemplate" virtual="true">
		<Size x="101" y="86" />
		<Layers>
			<Layer level="ARTWORK" textureSubLevel="1">
				<Texture parentKey="ActionFrameTexture" atlas="worldquest-followerabilityframe" useAtlasSize="true">
					<Anchors>
						<Anchor point="CENTER" />
					</Anchors>
				</Texture>
			</Layer>
		</Layers>
		<Frames>

		</Frames>
		<Scripts>
			<OnEvent method="OnEvent" />
		</Scripts>
	</Frame>



	<Button name="OmegaMapCTNoteTemplate"  hidden="true" virtual="true">
		<Size>
			<AbsDimension x="16" y="16"/>
		</Size>
		<Anchors>
			<Anchor point="CENTER"/>
		</Anchors>
		<Layers>
			<Layer level="BACKGROUND">
				<Texture name="$parentIcon" file="">
					<Size>
						<AbsDimension x="16" y="16"/>
					</Size>
					<Anchors>
						<Anchor point="CENTER"/>
					</Anchors>
				</Texture>
			</Layer>
		</Layers>
		<Scripts>
			<OnLoad>
				self:RegisterForClicks("LeftButtonUp", "RightButtonUp")
				self:SetFrameLevel( self:GetFrameLevel() + 1)
				self.unit = "player"
			</OnLoad>
			<OnEnter>
				OmegaMapCTMapNotes_OnEnter( self, self:GetID() ) 
			</OnEnter>
			<OnLeave>
				GameTooltip:Hide()
			</OnLeave>
			<OnClick>
				OmegaMapCTNote_OnClick(self, button)
			</OnClick>
		</Scripts>
	</Button>


		<Frame name="OmegaMapPOINoteTemplate" enableMouse="false" virtual="true">
		<Size>
			<AbsDimension x="281" y="20"/>
		</Size>
		<Layers>
			<Layer level="BACKGROUND">
				<FontString name="$parentTitle" inherits="GameFontNormal" justifyH="LEFT"  justifyV="TOP" spacing="2" parentKey="title">
					<Size>
						<AbsDimension x="240" y="0"/>
					</Size>					
					<Anchors>
						<Anchor point="TOPLEFT">
							<Offset>
								<AbsDimension x="50" y="-8"/>
							</Offset>						
						</Anchor>
					</Anchors>
					<Color r="1" g="0.82" b="0" />
				</FontString>
				<FontString name="$parentTooltip" inherits="GameFontNormal" justifyH="LEFT"  justifyV="TOP" spacing="2" parentKey="tooltip" hidden="true">
					<Size>
						<AbsDimension x="0" y="0"/>
					</Size>					
					<Anchors>
						<Anchor point="TOPLEFT">
							<Offset>
								<AbsDimension x="50" y="-8"/>
							</Offset>						
						</Anchor>
					</Anchors>
				</FontString>	
			</Layer>
		</Layers>
		<Frames>

		</Frames>
		<Scripts>
		</Scripts>
	</Frame>

	<Button name="NoteButtonTemplate"  virtual="true" enableMouse="false" >
				<Size x="35" y="35"/>
		<ButtonText name="$parentText"/>
		<NormalFont style="GameFontNormal"/>
		<HighlightFont style="GameFontHighlight"/>
				<Scripts>
							<OnLoad>
				self:RegisterForClicks("LeftButtonUp", "RightButtonUp")
				</OnLoad>
					<OnEnter>
						buttonOnEnter(self)
					</OnEnter>
					<OnLeave>
						buttonOnLeave(self)
					</OnLeave>
					<OnClick>
					if button == "LeftButton" then
						LeftClickMenu(self)
					elseif button == "RightButton" then
						RightClickMenu(self)
					end
				
					</OnClick>
				</Scripts>
				<NormalTexture file="Interface\WorldMap\GravePicker-Unselected"/>
				<HighlightTexture file="Interface\AddOns\OmegaMap\Icons\Note-Selected" />
	</Button>

		<Frame name="OM_NavBarTemplate" parentKey="navBar" virtual="true">
		<Size x="300" y="34"/>
		<Layers>
		</Layers>
		<Frames>
			<Frame name="$parentOverlay" parentKey="overlay">
				<Anchors>
					<Anchor point="TOPLEFT" x="0" y="0"/>
					<Anchor point="BOTTOMRIGHT" x="0" y="0"/>
				</Anchors>
				<Layers>
					<Layer level="OVERLAY" textureSubLevel="5">
					</Layer>
				</Layers>
				<Scripts>
					<OnLoad>
						self:SetFrameLevel(50);
					</OnLoad>
				</Scripts>
			</Frame>
			<Button name="$parentOverflowButton" parentKey="overflow">
				<Size x="44" y="30"/>
				<Scripts>
					<OnLoad>
						self.xoffset = -18
					</OnLoad>
					<OnClick>
						PlaySound("igMainMenuOptionCheckBoxOn");
					</OnClick>
				</Scripts>
				<NormalTexture file="Interface\HelpFrame\CS_HelpTextures">
					<TexCoords left="0.54296875" right="0.62890625" top="0.75781250" bottom="0.99218750"/>
				</NormalTexture>		
				<PushedTexture file="Interface\HelpFrame\CS_HelpTextures">
					<TexCoords left="0.45312500" right="0.53906250" top="0.75781250" bottom="0.99218750"/>
				</PushedTexture>
				<HighlightTexture file="Interface\HelpFrame\CS_HelpTextures" alphaMode="ADD" alpha="0.4">
					<TexCoords left="0.54296875" right="0.62890625" top="0.75781250" bottom="0.99218750"/>
				</HighlightTexture>
			</Button>
			<Button name="$parentHomeButton" parentKey="home" text="HOME">
				<Size x="128" y="30"/>
				<Layers>
					<Layer level="OVERLAY">
						<Texture name="$parentLeft" file="Interface\Common\ShadowOverlay-Left">
							<Size x="30" y="30"/>
							<Anchors>
								<Anchor point="LEFT" x="0" y="0"/>
							</Anchors>
						</Texture>
					</Layer>
				</Layers>
				<Scripts>
					<OnLoad>
						self.xoffset = -15;
						local newWidth = min(128, self.text:GetStringWidth()+50)
						local texCoordoffsetX = (newWidth/128)*0.25;
							
						self:GetNormalTexture():SetTexCoord(0.70312500-texCoordoffsetX, 0.70312500, 0.00781250, 0.24218750);
						self:GetPushedTexture():SetTexCoord(0.70312500-texCoordoffsetX, 0.70312500, 0.25781250, 0.49218750);
						self:GetHighlightTexture():SetTexCoord(0.70312500-texCoordoffsetX, 0.71312500, 0.50781250, 0.74218750);
						
						self:SetWidth(newWidth);
					</OnLoad>
					<OnClick>
						PlaySound("igMainMenuOptionCheckBoxOn");
					</OnClick>
				</Scripts>
				<NormalTexture file="Interface\HelpFrame\CS_HelpTextures">
				</NormalTexture>		
				<PushedTexture file="Interface\HelpFrame\CS_HelpTextures">
				</PushedTexture>
				<HighlightTexture file="Interface\HelpFrame\CS_HelpTextures" alphaMode="ADD">
				</HighlightTexture>
				<ButtonText name="$parentText" inherits="GameFontNormal" justifyH="LEFT" parentKey="text">
					<Size x="0" y="12"/>
					<Anchors>
						<Anchor point="LEFT" x="10" y="0"/>
						<Anchor point="RIGHT" x="-30" y="0"/>
					</Anchors>
				</ButtonText>
			</Button>
		</Frames>
	</Frame>

</Ui>
