<Ui xmlns="http://www.blizzard.com/wow/ui/" xmlns:xsi="http://www.w3.org/2001/XMLSchema-instance" xsi:schemaLocation="http://www.blizzard.com/wow/ui/
..\FrameXML\UI.xsd">

	<Frame name="OmegaMapAltFrame" inherits="OmegaMapFrameTemplate" parent="UIParent" enableMouse="false" enableKeyboard="true" clampedToScreen="true" movable="true">
		<Frames>
			<Frame parentKey="BlackoutFrame" frameStrata="LOW" enableMouse="true" hidden="true">
				<Anchors>
					<Anchor point="TOPLEFT" relativeTo="UIParent"/>
					<Anchor point="BOTTOMRIGHT" relativeTo="UIParent"/>
				</Anchors>
				<Layers>
					<Layer level="BACKGROUND">
						<Texture parentKey="Blackout" setAllPoints="true">
							<Color r="0" g="0" b="0" a="1"/>
						</Texture>
					</Layer>
				</Layers>
			</Frame>
			<Frame parentKey="BorderFrame" inherits="PortraitFrameTemplate" frameStrata="HIGH" setAllPoints="true" hidden="true">
				<Layers>
					<Layer level="ARTWORK" textureSubLevel="5">
						<Texture parentKey="Underlay" hidden="true">
							<Color r="0" g="0" b="0" a=".5"/>
						</Texture>
					</Layer>
					<Layer level="OVERLAY" textureSubLevel="1">
						<Texture parentKey="ButtonFrameEdge" atlas="UI-OuterBorderButtonPatch" useAtlasSize="true">
							<Anchors>
								<Anchor point="TOPRIGHT" x="-36" y="0"/>
							</Anchors>
						</Texture>
					</Layer>
					<Layer level="BACKGROUND" textureSubLevel="-5">
						<Texture inherits="_UI-Frame-InnerTopTile" parentKey="InsetBorderTop">
							<Size x="0" y="3"/>
							<Anchors>
								<Anchor point="TOPLEFT" x="2" y="-63"/>
								<Anchor point="TOPRIGHT" x="-2" y="-63"/>
							</Anchors>
						</Texture>
					</Layer>
				</Layers>
				<Frames>
					<Button parentKey="Tutorial" inherits="MainHelpPlateButton" mixin="OmegaMapTutorialMixin">
						<Anchors>
							<Anchor point="TOPLEFT" x="43" y="19"/>
						</Anchors>
						<Scripts>
							<OnLoad method="OnLoad"/>
							<OnHide method="OnHide"/>
							<OnClick method="ToggleHelpInfo"/>
						</Scripts>
					</Button>
					<Frame parentKey="MaximizeMinimizeFrame" inherits="MaximizeMinimizeButtonFrameTemplate" hidden="true">
						<Anchors>
							<Anchor point="RIGHT" relativeKey="$parent.CloseButton" relativePoint="LEFT" x="10" y="0"/>
						</Anchors>
					</Frame>
				</Frames>
				<Scripts>
					<OnLoad>
						self.onCloseCallback = function() HideParentPanel(self) end;
					</OnLoad>
					<OnMouseWheel function="nop" />
				</Scripts>
			</Frame>
		</Frames>

	</Frame>
</Ui>
