<?xml version="1.0" encoding="utf-8"?>
<Ui xmlns:xsi="http://www.w3.org/2001/XMLSchema-instance" xmlns="http://www.blizzard.com/wow/ui/" xsi:schemaLocation="http://www.blizzard.com/wow/ui/
..\FrameXML\UI.xsd">

<Script file="Locale\Locale-enUS.lua"/>
<Script file="Locale\Locale-koKR.lua"/>
<Script file="Locale\Locale-frFR.lua"/>
<Script file="Locale\Locale-zhCN.lua"/>
<Script file="Locale\Locale-zhTW.lua"/>
<Script file="Locale\Locale-deDE.lua"/>
<Script file="Locale\Locale-esES.lua"/>
<Script file="Locale\Locale-ruRU.lua"/>

</Ui>