<Ui xmlns="http://www.blizzard.com/wow/ui/" xmlns:xsi="http://www.w3.org/2001/XMLSchema-instance" xsi:schemaLocation="http://www.blizzard.com/wow/ui/
..\FrameXML\UI.xsd">
	
		<Frame name="OmegaMapNavBarTemplate" inherits="NavBarTemplate" mixin="OmegaMapNavBarMixin" virtual="true">
		<Anchors>
			<Anchor point="TOPLEFT" relativeKey="$parent.BorderFrame" x="10" y="-23"/>
		</Anchors>
		<Layers>
			<Layer level="BORDER" textureSubLevel="-5">
				<Texture inherits="UI-Frame-InnerBotLeftCorner" parentKey="InsetBorderBottomLeft">
					<Anchors>
						<Anchor point="BOTTOMLEFT"  x="-3" y="-3"/>
					</Anchors>
				</Texture>
				<Texture inherits="UI-Frame-InnerBotRight" parentKey="InsetBorderBottomRight">
					<Anchors>
						<Anchor point="BOTTOMRIGHT"  x="3" y="-3"/>
					</Anchors>
				</Texture>
				<Texture inherits="_UI-Frame-InnerBotTile" parentKey="InsetBorderBottom">
					<Anchors>
						<Anchor point="BOTTOMLEFT" relativeKey="$parent.InsetBorderBottomLeft" relativePoint="BOTTOMRIGHT"/>
						<Anchor point="BOTTOMRIGHT" relativeKey="$parent.InsetBorderBottomRight" relativePoint="BOTTOMLEFT"/>
					</Anchors>
				</Texture>
				<Texture inherits="!UI-Frame-InnerLeftTile" parentKey="InsetBorderLeft">
					<Anchors>
						<Anchor point="TOPLEFT" x="-3" y="0"/>
						<Anchor point="BOTTOMLEFT" relativeKey="$parent.InsetBorderBottomRight" relativePoint="TOPLEFT"/>
					</Anchors>
				</Texture>
				<Texture inherits="!UI-Frame-InnerRightTile" parentKey="InsetBorderRight">
					<Anchors>
						<Anchor point="TOPRIGHT"  x="3" y="0"/>
						<Anchor point="BOTTOMRIGHT" relativeKey="$parent.InsetBorderBottomRight" relativePoint="TOPRIGHT"/>
					</Anchors>
				</Texture>
			</Layer>
		</Layers>
		<Scripts>
			<OnLoad method="OnLoad"/>
			<OnMouseUp method="OnMouseUp"/>
			<OnMouseDown method="OnMouseDown"/>
		</Scripts>
	</Frame>
</Ui>
