<Ui xmlns="http://www.blizzard.com/wow/ui/" xmlns:xsi="http://www.w3.org/2001/XMLSchema-instance" xsi:schemaLocation="http://www.blizzard.com/wow/ui/
..\FrameXML\UI.xsd">
  
  <Script file="Module.lua" />
  
  <Script file="ContentLayout.lua" />
  <Script file="ContentLayoutGeneral.lua" />
  <Script file="ContentLayoutSizeAndScale.lua" />
  <Script file="ContentLayoutText.lua" />
  <Script file="ContentLayoutSkin.lua" />
  <Script file="ContentLayoutColorsAndBorder.lua" />

  <Script file="Animations.lua" />
  
</Ui>
