<Ui xmlns="http://www.blizzard.com/wow/ui/" xmlns:xsi="http://www.w3.org/2001/XMLSchema-instance" xsi:schemaLocation="http://www.blizzard.com/wow/ui/
..\FrameXML\UI.xsd">
  
  <Script file="Module.lua" />
  
  <Script file="ContentSources.lua" />
  <Script file="ContentLayout.lua" />
  <Script file="ContentWarnings.lua" />
  <Script file="ContentOrder.lua" />
  
  <Script file="ContentLayoutGeneral.lua" />
  <Script file="ContentLayoutSizeAndScale.lua" />
  <Script file="ContentLayoutDurationAndCount.lua" />
  <Script file="ContentLayoutSkinAndColors.lua" />
  
</Ui>