<Ui xmlns="http://www.blizzard.com/wow/ui/" xmlns:xsi="http://www.w3.org/2001/XMLSchema-instance" xsi:schemaLocation="http://www.blizzard.com/wow/ui/
..\FrameXML\UI.xsd">
	<Script file="TitanSUF.lua"/>
	<Frame parent="UIParent">
		<Frames>
			<Button name="TitanPanelShadowedUnitPluginButton" inherits="TitanPanelComboTemplate" frameStrata="FULLSCREEN" toplevel="true">
				<Scripts>
					<OnLoad>
						TitanSUF.Button_OnLoad(self); 
						TitanPanelButton_OnLoad(self); 
					</OnLoad>
					<OnClick>
						TitanSUF.Button_OnClick(self, button); 
						TitanPanelButton_OnClick(self, button); 
					</OnClick>					
				</Scripts>
			</Button>
		</Frames>
	</Frame>		
</Ui>