<Ui xmlns="http://www.blizzard.com/wow/ui/" xmlns:xsi="http://www.w3.org/2001/XMLSchema-instance" xsi:schemaLocation="http://www.blizzard.com/wow/ui/
..\FrameXML\UI.xsd">

	<Script file="CampaignOverview.lua"/>

	<Frame name="OM_CampaignOverviewTemplate" mixin="OM_CampaignOverviewMixin" enableMouseMotion="true" virtual="true">
		<Frames>
			<Frame parentKey="Header" inherits="OM_CampaignHeaderDisplayTemplate" clipChildren="true">
				<KeyValues>
					<KeyValue key="suppressNextText" value="true" type="boolean"/>
				</KeyValues>
				<Anchors>
					<Anchor point="TOP"/>
				</Anchors>
				<Frames>
					<Button parentKey="BackButton" inherits="LoreButtonTemplate" hidden="false">
						<Anchors>
							<Anchor point="RIGHT" relativeKey="$parent.Background" x="-10" y="7"/>
						</Anchors>
					</Button>
				</Frames>
			</Frame>
			<ScrollFrame parentKey="ScrollFrame" inherits="UIPanelScrollFrameTemplate" mixin="FadeScrollMixin">
				<Anchors>
					<Anchor point="TOPLEFT" relativeKey="$parent.Header" relativePoint="BOTTOMLEFT" x="0" y="0"/>
					<Anchor point="BOTTOMRIGHT" x="0" y="0"/>
				</Anchors>
				<Layers>
					<Layer level="ARTWORK">
						<Texture parentKey="Top" file="Interface\PaperDollInfoFrame\UI-Character-ScrollBar">
							<Size x="31" y="102"/>
							<Anchors>
								<Anchor point="TOPLEFT" relativeKey="$parent.ScrollBar.ScrollUpButton" relativePoint="TOPLEFT" x="-7" y="5"/>
							</Anchors>
							<TexCoords left="0" right="0.484375" top="0" bottom="0.4"/>
						</Texture>
						<Texture parentKey="Bottom" file="Interface\PaperDollInfoFrame\UI-Character-ScrollBar">
							<Size x="31" y="106"/>
							<Anchors>
								<Anchor point="BOTTOMLEFT" relativeKey="$parent.ScrollBar.ScrollDownButton" relativePoint="BOTTOMLEFT" x="-7" y="-2"/>
							</Anchors>
							<TexCoords left="0.515625" right="1.0" top="0" bottom="0.4140625"/>
						</Texture>
						<Texture parentKey="Middle" file="Interface\PaperDollInfoFrame\UI-Character-ScrollBar">
							<Size x="31" y="1"/>
							<Anchors>
								<Anchor point="TOP" relativeKey="$parent.Top" relativePoint="BOTTOM"/>
								<Anchor point="BOTTOM" relativeKey="$parent.Bottom" relativePoint="TOP"/>
							</Anchors>
							<TexCoords left="0" right="0.484375" top=".75" bottom="1.0"/>
						</Texture>
					</Layer>
					<Layer level="OVERLAY">
						<Texture parentKey="TopShadow" atlas="Campaign-QuestLog-LoreBottomShadow" useAtlasSize="true">
							<Anchors>
								<Anchor point="TOPLEFT" y="1"/>
								<Anchor point="TOPRIGHT" y="1"/>
							</Anchors>
							<TexCoords left="0" right="1" top="1" bottom="0"/>
						</Texture>
						<Texture parentKey="BottomShadow" atlas="Campaign-QuestLog-LoreBottomShadow" useAtlasSize="true">
							<Anchors>
								<Anchor point="BOTTOMLEFT"/>
								<Anchor point="BOTTOMRIGHT"/>
							</Anchors>
						</Texture>
					</Layer>
				</Layers>
				<ScrollChild>
					<Frame parentKey="ScrollChild" inherits="VerticalLayoutFrame" useParentLevel="true">
						<KeyValues>
							<KeyValue key="leftPadding" value="21" type="number"/>
							<KeyValue key="topPadding" value="10" type="number"/>
							<KeyValue key="spacing" value="12" type="number"/>
						</KeyValues>
					</Frame>
				</ScrollChild>
				<Scripts>
					<OnVerticalScroll method="OnVerticalScroll"/>
				</Scripts>
			</ScrollFrame>
		</Frames>
		<Layers>
			<Layer level="BACKGROUND">
				<Texture parentKey="BG" atlas="Campaign-QuestLog-LoreBackground">
					<Anchors>
						<Anchor point="TOPLEFT" relativeKey="$parent.Header"/>
						<Anchor point="BOTTOMRIGHT" relativeKey="$parent.ScrollFrame"/>
					</Anchors>
				</Texture>
			</Layer>
		</Layers>
		<Scripts>
			<OnLoad method="OnLoad"/>
			<OnShow method="OnShow"/>
			<OnHide method="OnHide"/>
			<OnEvent method="OnEvent"/>
		</Scripts>
	</Frame>
</Ui>
