<Ui xmlns="http://www.blizzard.com/wow/ui/" xmlns:xsi="http://www.w3.org/2001/XMLSchema-instance" xsi:schemaLocation="http://www.blizzard.com/wow/ui/
..\FrameXML\UI.xsd">
	<Script file="QuestMapFrame.lua"/>

	<Button name="OM_QuestLogPathButtonTemplate" frameLevel="10" hidden="true" virtual="true">
		<Size x="16" y="24"/>
		<Layers>
			<Layer level="ARTWORK">
				<Texture parentKey="Icon" texelSnappingBias="0.0" snapToPixelGrid="false">
					<Size x="16" y="24"/>
					<Anchors>
						<Anchor point="CENTER"/>
					</Anchors>
				</Texture>
			</Layer>
			<Layer level="HIGHLIGHT">
				<Texture parentKey="HighlightIcon" alphaMode="ADD" alpha="0.3" texelSnappingBias="0.0" snapToPixelGrid="false">
					<Anchors>
						<Anchor point="TOPLEFT" relativeKey="$parent.Icon"/>
						<Anchor point="BOTTOMRIGHT" relativeKey="$parent.Icon"/>
					</Anchors>
				</Texture>
			</Layer>
		</Layers>
		<Scripts>
			<OnMouseDown>
				self.Icon:SetPoint("CENTER", 1, -1);
			</OnMouseDown>
			<OnMouseUp>
				self.Icon:SetPoint("CENTER", 0, 0);
			</OnMouseUp>
			<OnClick>
				PlaySound(SOUNDKIT.IG_MAINMENU_OPTION_CHECKBOX_ON);
				--QuestMapFrame_ToggleShowDestination();
			</OnClick>
			<OnEnter>
				GameTooltip:SetOwner(self, "ANCHOR_RIGHT");
				GameTooltip_AddColoredLine(GameTooltip, self.tooltipText, HIGHLIGHT_FONT_COLOR);
				GameTooltip:Show();
			</OnEnter>
			<OnLeave function="GameTooltip_Hide"/>
		</Scripts>
	</Button>

	<Button name="OM_QuestLogHeaderCodeTemplate" mixin="OM_QuestLogHeaderCodeMixin" registerForClicks="LeftButtonUp" virtual="true">
    <Scripts>
      <OnClick method="OnClick"/>
      <OnEnter method="OnEnter"/>
      <OnLeave method="OnLeave"/>
    </Scripts>
  </Button>

	<Button name="OM_QuestLogHeaderTemplate" inherits="OM_QuestLogHeaderCodeTemplate" mixin="OM_QuestLogHeaderMixin" virtual="true">
    <Size x="20" y="20"/>
		<KeyValues>
			<KeyValue key="leftPadding" value="4" type="number"/>
		</KeyValues>
		<ButtonText nonspacewrap="true" parentKey="ButtonText" justifyH="LEFT">
			<Size x="234" y="10"/>
			<Anchors>
				<Anchor point="LEFT" relativePoint="RIGHT" x="5" y="0"/>
			</Anchors>
		</ButtonText>
		<NormalFont style="GameFontNormalMed3"/>
		<HighlightFont style="GameFontHighlightMedium"/>
		<Scripts>
	      <OnLoad method="OnLoad"/>
	    </Scripts>
	</Button>

	<Button name="OM_CovenantCallingsHeaderTemplate" inherits="OM_QuestLogHeaderTemplate" mixin="OM_CovenantCallingsHeaderMixin" virtual="true">
    <KeyValues>
      <KeyValue key="leftPadding" value="18" type="number"/>
      <KeyValue key="bottomPadding" value="10" type="number"/>
      <KeyValue key="topPadding" value="0" type="number"/>
    </KeyValues>
    <Anchors>
      <Anchor point="TOPLEFT" x="1" y="1"/>
    </Anchors>
    <Layers>
      <Layer level="BACKGROUND">
        <Texture parentKey="Background" atlas="StoryHeader-BG">
          <Size x="260" y="36"/>
          <Anchors>
            <Anchor point="TOPLEFT" x="-19" y="7"/>
          </Anchors>
        </Texture>
      </Layer>
      <Layer level="OVERLAY" textureSubLevel="-1">
        <Texture parentKey="SelectedTexture" atlas="CampaignHeader_SelectedGlow" alphaMode="ADD">
          <Anchors>
            <Anchor point="TOPLEFT" relativeKey="$parent.Background" x="0" y="0"/>
            <Anchor point="BOTTOMRIGHT" relativeKey="$parent.Background" x="0" y="3"/>
          </Anchors>
        </Texture>
      </Layer>
      <Layer level="OVERLAY">
        <Texture parentKey="Divider" atlas="ZoneStory_Divider" useAtlasSize="true">
          <Anchors>
            <Anchor point="TOPLEFT" x="-16" y="29"/>
          </Anchors>
        </Texture>
      </Layer>
      <Layer level="HIGHLIGHT">
        <Texture parentKey="HighlightBackground" atlas="StoryHeader-BG" alphaMode="ADD" alpha=".5">
          <Size x="260" y="36"/>
          <Anchors>
            <Anchor point="TOPLEFT" x="-19" y="7"/>
          </Anchors>
        </Texture>
      </Layer>
    </Layers>
    <NormalFont style="GameFontNormalSmall"/>
    <HighlightFont style="GameFontHighlightSmall"/>
    <Scripts>
      <OnLoad method="OnLoadCovenantCallings" inherit="prepend"/>
    </Scripts>
  </Button>

	<Button name="OM_QuestLogTitleTemplate" virtual="true">
		<Size x="255" y="16"/>
		<Layers>
			<Layer level="ARTWORK">
				<FontString parentKey="Text" inherits="GameFontNormalLeft">
					<Size x="175" y="0"/>
					<Anchors>
						<Anchor point="TOPLEFT" x="31" y="-8"/>
					</Anchors>
					<Color r="0.75" g="0.61" b="0"/>
				</FontString>
				<Texture parentKey="TaskIcon" atlas="TaskPOI-Icon" useAtlasSize="true" hidden="true">
					<Anchors>
						<Anchor point="TOPRIGHT" relativeKey="$parent.Text" relativePoint="TOPLEFT" x="-5" y="4"/>
					</Anchors>
				</Texture>
				<Texture parentKey="Check" file="Interface\Buttons\UI-CheckBox-Check" hidden="true">
					<Size x="16" y="16"/>
					<Anchors>
						<Anchor point="TOP" relativeKey="$parent.Text" x="0" y="2"/>
					</Anchors>
				</Texture>
				<Texture parentKey="TagTexture" file="Interface\QuestFrame\QuestTypeIcons" hidden="true">
					<Size x="18" y="18"/>
					<Anchors>
						<Anchor point="TOP" relativeKey="$parent.Text" x="0" y="3"/>
						<Anchor point="RIGHT" x="0" y="0"/>
					</Anchors>
				</Texture>
			</Layer>
		</Layers>
		<Scripts>
			<OnLoad>
				self:RegisterForClicks("LeftButtonUp", "RightButtonUp");
				--QuestLogTitleButton_OnLoad(self);
			</OnLoad>
			<OnEvent>
				--QuestLogTitleButton_OnEvent(self, event, ...);
			</OnEvent>
			<OnClick function="OM_QuestMapLogTitleButton_OnClick"/>
			<OnEnter function="OM_QuestMapLogTitleButton_OnEnter"/>
			<OnLeave function="OM_QuestMapLogTitleButton_OnLeave"/>
			<OnMouseDown function="OM_QuestMapLogTitleButton_OnMouseDown"/>
			<OnMouseUp function="OM_QuestMapLogTitleButton_OnMouseUp"/>
		</Scripts>
		<ButtonText nonspacewrap="true" parentKey="ButtonText">
			<Size x="0" y="10"/>
			<Anchors>
				<Anchor point="LEFT" x="20" y="0"/>
			</Anchors>
		</ButtonText>
		<NormalFont style="GameFontNormalLeft"/>
		<HighlightFont style="GameFontHighlightLeft"/>
		<DisabledFont style="GameFontHighlightLeft"/>
	</Button>
	<Frame name="OM_QuestLogObjectiveTemplate" virtual="true">
		<Size x="220" y="16"/>
		<Layers>
			<Layer level="ARTWORK">
				<FontString parentKey="Dash" inherits="ObjectiveFont" text="QUEST_DASH">
					<Size x="0" y="16"/>
					<Anchors>
						<Anchor point="TOPLEFT" x="0" y="0"/>
					</Anchors>
				</FontString>
				<FontString parentKey="Text" inherits="ObjectiveFont">
					<Size x="205" y="0"/>
					<Anchors>
						<Anchor point="TOPLEFT" relativeKey="$parent.Dash" relativePoint="TOPRIGHT"/>
					</Anchors>
				</FontString>
			</Layer>
		</Layers>
	</Frame>
	<Button name="OM_QuestDetailsButtonTemplate" virtual="true">
		<Size x="32" y="32"/>
		<NormalTexture atlas="UI-SquareButtonBrown-Up"/>
		<PushedTexture atlas="UI-SquareButtonBrown-Down"/>
		<Scripts>
			<OnMouseDown>
				local anchor, _, _, x, y = self.Icon:GetPoint(1);
				self.Icon:SetPoint(anchor, x - 1, y - 1);
			</OnMouseDown>
			<OnMouseUp>
				local anchor, _, _, x, y = self.Icon:GetPoint(1);
				self.Icon:SetPoint(anchor, x + 1, y + 1);
			</OnMouseUp>
		</Scripts>
	</Button>

	<Frame name="OM_QuestLogPopupDetailFrame" toplevel="true" enableMouse="true" parent="UIParent" hidden="true" inherits="ButtonFrameTemplate, QuestFramePanelTemplate">
		<Size x="338" y="496"/>
		<Layers>
			<Layer level="OVERLAY" textureSubLevel="-1">
				<Texture file="Interface\QuestFrame\UI-QuestLog-BookIcon">
					<Size x="64" y="64"/>
					<Anchors>
						<Anchor point="TOPLEFT" x="-6" y="7"/>
					</Anchors>
				</Texture>
			</Layer>
		</Layers>
		<Frames>
			<ScrollFrame parentKey="ScrollFrame" name="$parentScrollFrame" inherits="UIPanelScrollFrameTemplate">
				<Size x="298" y="403"/>
				<Anchors>
					<Anchor point="TOPLEFT" x="8" y="-65"/>
				</Anchors>
				<Layers>
					<Layer level="ARTWORK">
						<Texture name="$parentTop" file="Interface\PaperDollInfoFrame\UI-Character-ScrollBar">
							<Size x="31" y="102"/>
							<Anchors>
								<Anchor point="TOPLEFT" relativePoint="TOPRIGHT" x="-2" y="6"/>
							</Anchors>
							<TexCoords left="0" right="0.484375" top="0" bottom="0.4"/>
						</Texture>
						<Texture name="$parentBottom" file="Interface\PaperDollInfoFrame\UI-Character-ScrollBar">
							<Size x="31" y="106"/>
							<Anchors>
								<Anchor point="BOTTOMLEFT" relativePoint="BOTTOMRIGHT" x="-2" y="-2"/>
							</Anchors>
							<TexCoords left="0.515625" right="1.0" top="0" bottom="0.4140625"/>
						</Texture>
						<Texture name="$parentMiddle" file="Interface\PaperDollInfoFrame\UI-Character-ScrollBar">
							<Size x="31" y="1"/>
							<Anchors>
								<Anchor point="TOP" relativeTo="$parentTop" relativePoint="BOTTOM"/>
								<Anchor point="BOTTOM" relativeTo="$parentBottom" relativePoint="TOP"/>
							</Anchors>
							<TexCoords left="0" right="0.484375" top=".75" bottom="1.0"/>
						</Texture>
					</Layer>
				</Layers>
				<ScrollChild>
					<Frame parentKey="ScrollChild">
						<Size x="298" y="403"/>
					</Frame>
				</ScrollChild>
			</ScrollFrame>
			<Button parentKey="ShowMapButton">
				<Size x="48" y="32"/>
				<Anchors>
					<Anchor point="TOPRIGHT" x="-24" y="-25"/>
				</Anchors>
				<Layers>
					<Layer level="ARTWORK">
						<Texture parentKey="Texture" file="Interface\QuestFrame\UI-QuestMap_Button">
							<Size x="48" y="32"/>
							<Anchors>
								<Anchor point="RIGHT"/>
							</Anchors>
							<TexCoords left="0.125" right="0.875" top="0.0" bottom="0.5"/>
						</Texture>
						<FontString parentKey="Text" inherits="GameFontNormal" text="SHOW_MAP">
							<Anchors>
								<Anchor point="RIGHT" relativeKey="$parent.Texture" relativePoint="LEFT" x="0" y="0"/>
							</Anchors>
						</FontString>
					</Layer>
					<Layer level="HIGHLIGHT">
						<Texture parentKey="Highlight" file="Interface\BUTTONS\ButtonHilight-Square" alphaMode="ADD">
							<Size x="36" y="25"/>
							<Anchors>
								<Anchor point="RIGHT" x="-7" y="0"/>
							</Anchors>
						</Texture>
					</Layer>
				</Layers>
				<Scripts>
					<OnLoad>
						self:SetWidth(self.Text:GetWidth() + self.Texture:GetWidth());
					</OnLoad>
					<OnClick>
						OM_QuestMapFrame_OpenToQuestDetails(self:GetParent().questID);
					</OnClick>
					<OnMouseDown>
						self.Texture:SetTexCoord(0.125, 0.875, 0.5, 1.0);
					</OnMouseDown>
					<OnMouseUp>
						self.Texture:SetTexCoord(0.125, 0.875, 0.0, 0.5);
					</OnMouseUp>
				</Scripts>
			</Button>
			<Button parentKey="AbandonButton" name="$parentAbandonButton" inherits="UIPanelButtonTemplate" text="ABANDON_QUEST_ABBREV">
				<Size x="110" y="21"/>
				<Anchors>
					<Anchor point="BOTTOMLEFT" x="4" y="5"/>
				</Anchors>
				<Scripts>
					<OnClick>
						OM_QuestMapQuestOptions_AbandonQuest(self:GetParent().questID);
					</OnClick>
					<OnLeave function="GameTooltip_Hide"/>
				</Scripts>
			</Button>
			<Button parentKey="TrackButton" name="$parentTrackButton" inherits="UIPanelButtonTemplate" text="TRACK_QUEST_ABBREV">
				<Size x="100" y="21"/>
				<Anchors>
					<Anchor point="BOTTOMRIGHT" x="-8" y="5"/>
				</Anchors>
				<Scripts>
					<OnClick>
						PlaySound(SOUNDKIT.IG_MAINMENU_OPTION_CHECKBOX_ON);
						OM_QuestMapQuestOptions_TrackQuest(self:GetParent().questID);
					</OnClick>
					<OnLeave function="GameTooltip_Hide"/>
				</Scripts>
			</Button>
			<Button parentKey="ShareButton" name="$parentShareButton" inherits="UIPanelButtonTemplate" text="SHARE_QUEST_ABBREV">
				<Size x="1" y="21"/>
				<Anchors>
					<Anchor point="LEFT" relativeKey="$parent.AbandonButton" relativePoint="RIGHT"/>
					<Anchor point="RIGHT" relativeKey="$parent.TrackButton" relativePoint="LEFT"/>
				</Anchors>
				<Scripts>
					<OnClick>
						OM_QuestMapQuestOptions_ShareQuest(self:GetParent().questID);
					</OnClick>
					<OnLeave function="GameTooltip_Hide"/>
				</Scripts>
			</Button>
		</Frames>
		<Scripts>
			<OnLoad function="OM_QuestLogPopupDetailFrame_OnLoad"/>
			<OnHide function="OM_QuestLogPopupDetailFrame_OnHide"/>
		</Scripts>
	</Frame>

	<Frame name="OM_QuestMapFrame" enableMouse="true" mixin="OM_QuestLogMixin" hidden="true" >
		<Size x="286" y="0"/>
		<Layers>
			<Layer level="BACKGROUND">
		        <Texture parentKey="Background" atlas="QuestLogBackground" useAtlasSize="true">
		          <Anchors>
		            <Anchor point="TOPLEFT" x="0" y="3"/>
		             <Anchor point="BOTTOMRIGHT" x="0" y="3"/>
		          </Anchors>
		        </Texture>
		    </Layer>
			<Layer level="OVERLAY">
				<Texture parentKey="VerticalSeparator" inherits="!UI-Frame-InnerRightTile">
					<Size x="3" y="0"/>
					<Anchors>
						<Anchor point="TOPRIGHT" relativePoint="TOPLEFT" x="0" y="0"/>
						<Anchor point="BOTTOMRIGHT" relativePoint="BOTTOMLEFT" x="0" y="0"/>
					</Anchors>
				</Texture>
			</Layer>
		</Layers>
		<Frames>
			<Frame name="OM_QuestMapQuestOptionsDropDown" inherits="UIDropDownMenuTemplate" hidden="true"/>
			<ScrollFrame parentKey="QuestsFrame" name="OM_QuestScrollFrame" inherits="UIPanelScrollFrameCodeTemplate">
				<!-- NOTE: See QuestMapFrame_UpdateQuestSessionState for anchor updates, these are default -->
				<Anchors>
					<Anchor point="TOPLEFT"/>
					<Anchor point="BOTTOMRIGHT"/>
				</Anchors>
				<ScrollChild>
					<Frame parentKey="Contents" inherits="VerticalLayoutFrame">
						<Size x="258" y="454"/>
						<Anchors>
							<Anchor point="TOPLEFT"/>
						</Anchors>
						<Frames>
							<Frame parentKey="Separator" hidden="true">
               					<Size x="260" y="20"/>
								<Layers>
									<Layer level="OVERLAY">
										<Texture parentKey="Divider" atlas="QuestLog_Divider" useAtlasSize="true">
											<Anchors>
                        						<Anchor point="TOP" y="16"/>
                        					</Anchors>
										</Texture>
									</Layer>
								</Layers>
							</Frame>
							<Frame parentKey="StoryHeader" hidden="true">
								<KeyValues>
									<KeyValue key="bottomPadding" value="7" type="number"/>
								</KeyValues>
								<Size x="260" y="62"/>
								<Anchors>
									<Anchor point="TOPLEFT" x="1" y="1"/>
								</Anchors>
								<Layers>
									<Layer level="BACKGROUND">
										<Texture parentKey="Background" atlas="StoryHeader-BG" useAtlasSize="true">
											<Anchors>
												<Anchor point="TOP" x="0" y="-5"/>
											</Anchors>
										</Texture>
									</Layer>
									<Layer level="ARTWORK">
										<FontString parentKey="Text" inherits="GameFontHighlightMedium">
											<Anchors>
												<Anchor point="TOPLEFT" x="18" y="-15"/>
											</Anchors>
										</FontString>
										<FontString parentKey="Progress" inherits="GameFontHighlightSmall">
											<Anchors>
												<Anchor point="TOPLEFT" relativeKey="$parent.Text" relativePoint="BOTTOMLEFT" x="0" y="-4"/>
											</Anchors>
										</FontString>
									</Layer>
									<Layer level="HIGHLIGHT">
										<Texture parentKey="HighlightTexture" file="Interface\QuestFrame\UI-QuestLogTitleHighlight" alphaMode="ADD">
											<Size x="248" y="44"/>
											<Anchors>
												<Anchor point="BOTTOM" x="0" y="10"/>
											</Anchors>
											<Color color="HIGHLIGHT_LIGHT_BLUE"/>
										</Texture>
									</Layer>
								</Layers>
								<Scripts>
									<OnEnter function="OM_QuestMapLog_ShowStoryTooltip"/>
									<OnLeave function="OM_QuestMapLog_HideStoryTooltip"/>
								</Scripts>
							</Frame>
						</Frames>
					</Frame>
				</ScrollChild>
				<Frames>
					<Frame parentKey="DetailFrame">
						<Anchors>
			              <Anchor point="TOPLEFT" />
			              <Anchor point="BOTTOMRIGHT" x="0" y="-1"/>
			            </Anchors>
						<Layers>
							<Layer level="ARTWORK" textureSubLevel="2">
								<Texture parentKey="BottomDetail" atlas="QuestLog_BottomDetail" useAtlasSize="true">
									<Anchors>
										<Anchor point="BOTTOM" x="0" y="0"/>
									</Anchors>
								</Texture>
								<Texture parentKey="TopDetail" atlas="QuestLog_TopDetail" useAtlasSize="true">
									<Anchors>
										<Anchor point="TOP" x="0" y="9"/>
									</Anchors>
								</Texture>
							</Layer>
						</Layers>
					</Frame>
					<Slider parentKey="ScrollBar" inherits="UIPanelScrollBarTemplate">
						<Anchors>
			              <Anchor point="TOPLEFT" relativePoint="TOPRIGHT" x="6" y="-18"/>
			              <Anchor point="BOTTOMLEFT" relativePoint="BOTTOMRIGHT" x="6" y="18"/>
			            </Anchors>
						<Layers>
							<Layer level="ARTWORK" textureSubLevel="1">
								<Texture name="$parentTop" file="Interface\PaperDollInfoFrame\UI-Character-ScrollBar">
									<Size x="31" y="256"/>
									<Anchors>
										<Anchor point="TOPLEFT" relativeTo="$parentScrollUpButton" relativePoint="TOPLEFT" x="-7" y="5"/>
									</Anchors>
									<TexCoords left="0" right="0.484375" top="0" bottom="1.0"/>
								</Texture>
								<Texture name="$parentBottom" file="Interface\PaperDollInfoFrame\UI-Character-ScrollBar">
									<Size x="31" y="106"/>
									<Anchors>
										<Anchor point="BOTTOMLEFT" relativeTo="$parentScrollDownButton" relativePoint="BOTTOMLEFT" x="-7" y="-2"/>
									</Anchors>
									<TexCoords left="0.515625" right="1.0" top="0" bottom="0.4140625"/>
								</Texture>
								<Texture name="$parentMiddle" file="Interface\PaperDollInfoFrame\UI-Character-ScrollBar">
									<Anchors>
										<Anchor point="TOPLEFT" relativeTo="$parentTop" relativePoint="BOTTOMLEFT"/>
										<Anchor point="BOTTOMRIGHT" relativeTo="$parentBottom" relativePoint="TOPRIGHT"/>
									</Anchors>
									<TexCoords left="0" right="0.484375" top="0.1640625" bottom="1"/>
								</Texture>
							</Layer>
						</Layers>
					</Slider>
      			    <Frame parentKey="StoryTooltip" frameStrata="TOOLTIP" clampedToScreen="true" hidden="true" inherits="TooltipBackdropTemplate">		
      			    	<Size x="10" y="10"/>
						<Layers>
							<Layer level="ARTWORK">
								<FontString parentKey="Title" inherits="GameFontHighlightMedium">
									<Anchors>
										<Anchor point="TOPLEFT" x="10" y="-10"/>
									</Anchors>
								</FontString>
								<FontString parentKey="ProgressLabel" inherits="GameFontNormal" text="STORY_PROGRESS">
									<Anchors>
										<Anchor point="TOPLEFT" relativeKey="$parent.Title" relativePoint="BOTTOMLEFT" x="0" y="-11"/>
									</Anchors>
								</FontString>
								<FontString parentKey="ProgressCount" inherits="GameFontHighlightSmall">
									<Anchors>
										<Anchor point="TOPLEFT" relativeKey="$parent.ProgressLabel" relativePoint="BOTTOMLEFT" x="0" y="-4"/>
									</Anchors>
								</FontString>
								<FontString parentKey="Line1" parentArray="Lines" inherits="GameFontHighlight">
									<Anchors>
										<Anchor point="TOP" relativeKey="$parent.ProgressCount" relativePoint="BOTTOM" x="0" y="-12"/>
										<Anchor point="LEFT" x="10" y="0"/>
									</Anchors>
								</FontString>
								<Texture parentArray="CheckMarks" inherits="GreenCheckMarkTemplate">
									<Anchors>
										<Anchor point="RIGHT" relativeKey="$parent.Line1" relativePoint="LEFT" x="-4" y="-1"/>
									</Anchors>
								</Texture>
							</Layer>
						</Layers>
					</Frame>
				</Frames>
				<Scripts>
					<OnLoad function="OM_QuestsFrame_OnLoad"/>
				</Scripts>
			</ScrollFrame>
			<Frame parentKey="QuestSessionManagement" mixin="OM_QuestSessionManagementMixin">
		        <Size x="0" y="49"/>
		        <Anchors>
		          <Anchor point="BOTTOMLEFT"/>
		          <Anchor point="BOTTOMRIGHT"/>
		        </Anchors>
		        <Frames>
					<Button parentKey="ExecuteSessionCommand" motionScriptsWhileDisabled="true" hidden="true">
		            <Size x="44" y="44"/>
		            <Anchors>
		              <Anchor point="LEFT" x="14"/>
		            </Anchors>
		            <Scripts>
		              <OnClick function="QuestSessionManagementExecute_OnClick"/>
		              <OnEnter function="QuestSessionManagement_OnEnter"/>
		              <OnLeave function="QuestSessionManagement_OnLeave"/>
		            </Scripts>
		            <NormalTexture atlas="QuestSharing-QuestLog-Button" useAtlasSize="true"/>
		            <DisabledTexture atlas="QuestSharing-QuestLog-Button" useAtlasSize="true" desaturated="true"/>
		            <PushedTexture atlas="QuestSharing-QuestLog-ButtonPressed" useAtlasSize="true"/>
		            <HighlightTexture atlas="QuestSharing-QuestLog-ButtonHighlight" alphaMode="ADD"/>
		          </Button>
		          <Frame parentKey="SessionActiveFrame" hidden="true">
		            <Anchors>
		              <Anchor point="TOPLEFT" relativeKey="$parent.ExecuteSessionCommand"/>
		              <Anchor point="BOTTOMRIGHT" relativeKey="$parent.ExecuteSessionCommand"/>
		            </Anchors>
		            <Layers>
		              <Layer level="ARTWORK">
		                <Texture parentKey="Icon" atlas="QuestSharing-QuestLog-Active" useAtlasSize="true">
		                  <Anchors>
		                    <Anchor point="CENTER"/>
		                  </Anchors>
		                </Texture>
		              </Layer>
		            </Layers>
		            <Scripts>
		              <OnEnter function="QuestSessionManagement_OnEnter"/>
		              <OnLeave function="QuestSessionManagement_OnLeave"/>
		            </Scripts>
		          </Frame>
		        </Frames>
		        <Layers>
		          <Layer level="ARTWORK">
		            <Texture parentKey="BG" atlas="QuestSharing-QuestLog-Background" setAllPoints="true"/>
		            <FontString parentKey="CommandText" inherits="GameFontNormalLeft" maxLines="1">
		              <Anchors>
		                <Anchor point="BOTTOMLEFT" relativeKey="$parent.ExecuteSessionCommand" relativePoint="RIGHT" x="10" y="2"/>
		                <Anchor point="RIGHT" x="-10" y="0"/>
		              </Anchors>
		              <Color color="WHITE_FONT_COLOR"/>
		            </FontString>
		            <FontString parentKey="HelpText" inherits="GameFontNormalSmallLeft" maxLines="1">
		              <Anchors>
		                <Anchor point="TOPLEFT" relativeKey="$parent.ExecuteSessionCommand" relativePoint="RIGHT" x="10" y="-2"/>
		                <Anchor point="RIGHT" x="-10" y="0"/>
		              </Anchors>
		              <Color color="NORMAL_FONT_COLOR"/>
		            </FontString>
		          </Layer>
		        </Layers>
		        <Scripts>
			          <OnLoad method="OnLoad"/>
			          <OnShow method="OnShow"/>
			          <OnHide method="OnHide"/>
			          <OnEvent method="OnEvent"/>
		        </Scripts>
		      </Frame>
			<Frame parentKey="DetailsFrame" hidden="true">
				<Size x="259" y="462"/>
				<Anchors>
					<Anchor point="TOPRIGHT" x="-26" y="-42"/>
					<Anchor point="BOTTOMLEFT"/>
				</Anchors>
				<Layers>
					<Layer level="BACKGROUND">
						<Texture atlas="QuestDetailsBackgrounds" useAtlasSize="true">
							<Anchors>
								<Anchor point="TOPLEFT"/>
								<Anchor point="BOTTOMRIGHT"/>
							</Anchors>
						</Texture>
					</Layer>
					<Layer level="BORDER">
						<Texture atlas="QuestDetails-TopOverlay" useAtlasSize="true">	<!-- buttons background -->
							<Anchors>
								<Anchor point="TOPLEFT" x="0" y="45"/>
							</Anchors>
						</Texture>
					</Layer>
					<Layer level="BORDER" textureSubLevel="-1">	
						<Texture parentKey="SealMaterialBG" hidden="true">
							<Size x="285" y="407"/>
							<Anchors>
								<Anchor point="TOPLEFT" x="0" y="6"/>
								<Anchor point="BOTTOMRIGHT" />
							</Anchors>
							<TexCoords left="0.0468" right="1" top="0" bottom="1"/>
						</Texture>
					</Layer>
					<Layer level="ARTWORK">
						<Texture inherits="_UI-Frame-BtnBotTile">
							<Size x="288" y="3"/>
							<Anchors>
								<Anchor point="BOTTOMLEFT" x="0" y="18"/>
							</Anchors>
						</Texture>
					</Layer>
				</Layers>
				<Frames>
					<Button parentKey="BackButton" inherits="UIPanelButtonTemplate" text="BACK">
						<Size x="90" y="22"/>
						<Anchors>
							<Anchor point="TOPLEFT" x="10" y="30"/>
						</Anchors>
						<Scripts>
							<OnClick>
								PlaySound(SOUNDKIT.IG_MAINMENU_OPTION_CHECKBOX_ON);
								OM_QuestMapFrame_ReturnFromQuestDetails();
							</OnClick>
						</Scripts>
					</Button>
					<Button parentKey="DestinationMapButton" inherits="OM_QuestLogPathButtonTemplate">
			            <KeyValues>
			              <KeyValue key="tooltipText" value="QUEST_WAYPOINT_FINAL" type="global"/>
			            </KeyValues>
			            <Scripts>
			              <OnLoad>
			                self.Icon:SetAtlas("questlog-waypoint-finaldestination-questionmark");
			                self.Icon:SetSize(16, 24);
			                self.HighlightIcon:SetAtlas("questlog-waypoint-finaldestination-questionmark");
			              </OnLoad>
			            </Scripts>
			          </Button>
			          <Button parentKey="WaypointMapButton" inherits="OM_QuestLogPathButtonTemplate">
			            <KeyValues>
			              <KeyValue key="tooltipText" value="QUEST_WAYPOINT_ROUTE" type="global"/>
			            </KeyValues>
			            <Scripts>
			              <OnLoad>
			                self.Icon:SetAtlas("poi-traveldirections-arrow", false);
			                self.Icon:SetSize(15, 19);
			                self.HighlightIcon:SetAtlas("poi-traveldirections-arrow", false);
			              </OnLoad>
			            </Scripts>
			          </Button>
					<Frame parentKey="RewardsFrame">
						<Size x="287" y="275"/>
						<Anchors>
							<Anchor point="BOTTOMLEFT" x="0" y="20"/>
						</Anchors>
						<Layers>
							<Layer level="BORDER">
								<Texture parentKey="Background" atlas="QuestDetails-RewardsOverlay" setAllPoints="true"/>
							</Layer>
							<Layer level="BORDER" textureSubLevel="1">
								<Texture atlas="QuestDetails-RewardsBottomOverlay" useAtlasSize="true">		<!-- bottom shadow -->
									<Anchors>
										<Anchor point="BOTTOMLEFT" x="0" y="0"/>
									</Anchors>
								</Texture>
							</Layer>
							<Layer level="ARTWORK">
								<FontString inherits="QuestFont_Huge" text="REWARDS">
									<Anchors>
										<Anchor point="TOP" x="0" y="-16"/>
									</Anchors>
									<Color r="0.902" g="0.788" b="0.671"/>
								</FontString>
							</Layer>
						</Layers>
					</Frame>
					<ScrollFrame parentKey="ScrollFrame" name="OM_QuestMapDetailsScrollFrame" inherits="UIPanelScrollFrameCodeTemplate">
						<Size x="258" y="0"/>
						<Anchors>
							<Anchor point="TOPLEFT" x="5" y="0"/>
							<Anchor point="BOTTOM" relativeKey="$parent.RewardsFrame" relativePoint="TOP" x="0" y="-7"/>
						</Anchors>
						<ScrollChild>
							<Frame parentKey="Contents">
								<Size x="300" y="199"/>
								<Anchors>
									<Anchor point="TOPLEFT"/>
								</Anchors>
							</Frame>
						</ScrollChild>
						<Frames>
              			<Slider parentKey="ScrollBar" inherits="MinimalScrollBarTemplate">
  								<Anchors>
									<Anchor point="TOPLEFT" relativePoint="TOPRIGHT" x="0" y="-14"/>
									<Anchor point="BOTTOMLEFT" relativePoint="BOTTOMRIGHT" x="0" y="14"/>
								</Anchors>
							</Slider>
						</Frames>
						<Scripts>
							<OnLoad>
								self.scrollBarHideable = true;
								self.ScrollBar.trackBG:SetAlpha(0.5);
								ScrollFrame_OnLoad(self);
							</OnLoad>
							<OnScrollRangeChanged>
				                ScrollFrame_OnScrollRangeChanged(self, xrange, yrange);
				                QuestMapFrame_AdjustPathButtons();
	      			        </OnScrollRangeChanged>
						</Scripts>
					</ScrollFrame>
					<Button>
						<Anchors>
							<Anchor point="TOPLEFT" relativeKey="$parent.ScrollFrame" x="-4" y="0"/>
							<Anchor point="BOTTOMRIGHT" relativeKey="$parent.RewardsFrame"/>
						</Anchors>
						<Scripts>
							<OnLoad>
								self:RegisterForClicks("RightButtonUp");
							</OnLoad>
							<OnClick>
								OM_QuestMapFrame_ReturnFromQuestDetails();
							</OnClick>
						</Scripts>
					</Button>
					<Frame parentKey="CompleteQuestFrame">
						<Size x="287" y="24"/>
						<Anchors>
							<Anchor point="TOP" relativeKey="$parent.RewardsFrame" relativePoint="BOTTOM"/>
						</Anchors>
						<Layers>
							<Layer level="BACKGROUND">
								<Texture file="Interface\FrameGeneral\UI-Background-Rock" horizTile="true" vertTile="true" setAllPoints="true"/>
							</Layer>
							<Layer level="ARTWORK">
								<Texture inherits="_UI-Frame-BtnBotTile">
									<Size x="288" y="3"/>
									<Anchors>
										<Anchor point="TOP" x="0" y="0"/>
									</Anchors>
								</Texture>
							</Layer>
						</Layers>
						<Frames>
							<Button parentKey="CompleteButton" inherits="UIPanelButtonTemplate" text="COMPLETE_QUEST">
								<Size x="160" y="22"/>
								<Anchors>
									<Anchor point="TOP" x="0" y="-1"/>
								</Anchors>
								<Layers>
									<Layer level="BORDER">
										<Texture file="Interface\FrameGeneral\UI-Frame">
											<Size x="13" y="25"/>
											<Anchors>
												<Anchor point="TOPLEFT" relativePoint="TOPRIGHT" x="-5" y="1"/>
											</Anchors>
											<TexCoords left="0.00781250" right="0.10937500" top="0.75781250" bottom="0.95312500"/>
										</Texture>
										<Texture file="Interface\FrameGeneral\UI-Frame">
											<Size x="13" y="25"/>
											<Anchors>
												<Anchor point="TOPRIGHT" relativePoint="TOPLEFT" x="5" y="1"/>
											</Anchors>
											<TexCoords left="0.00781250" right="0.10937500" top="0.75781250" bottom="0.95312500"/>
										</Texture>
									</Layer>
									<Layer level="OVERLAY">
										<Texture parentKey="Flash" inherits="UIPanelButtonHighlightTexture"/>
									</Layer>
								</Layers>
								<Scripts>
									<OnClick>
										ShowQuestComplete(C_QuestLog.GetSelectedQuest());
										AutoQuestPopupTracker_RemovePopUp(OM_QuestMapFrame.DetailsFrame.questID);
									</OnClick>
									<OnShow>
										UIFrameFlash(self.Flash, 0.75, 0.75, -1, nil);
									</OnShow>
									<OnHide>
										UIFrameFlashStop(self.Flash);
									</OnHide>
								</Scripts>
							</Button>
						</Frames>
					</Frame>
					<Button parentKey="AbandonButton" inherits="UIPanelButtonTemplate" text="ABANDON_QUEST_ABBREV">
						<Size x="98" y="22"/>
						<Anchors>
							<Anchor point="BOTTOMLEFT" x="-3" y="-2"/>
						</Anchors>
						<Scripts>
							<OnClick>
								OM_QuestMapQuestOptions_ShareQuest(OM_QuestMapFrame_GetDetailQuestID())
							</OnClick>
							<OnLeave function="GameTooltip_Hide"/>
						</Scripts>
					</Button>
					<Button parentKey="ShareButton" inherits="UIPanelButtonTemplate" text="SHARE_QUEST_ABBREV">
						<Size x="96" y="22"/>
						<Anchors>
							<Anchor point="LEFT" relativeKey="$parent.AbandonButton" relativePoint="RIGHT"/>
						</Anchors>
						<Layers>
							<Layer level="OVERLAY">
								<Texture inherits="UI-Frame-BtnDivMiddle">
									<Anchors>
										<Anchor point="RIGHT" relativePoint="LEFT" x="6" y="0"/>
									</Anchors>
								</Texture>
								<Texture inherits="UI-Frame-BtnDivMiddle">
									<Anchors>
										<Anchor point="LEFT" relativePoint="RIGHT" x="-6" y="0"/>
									</Anchors>
								</Texture>
							</Layer>
						</Layers>
						<Scripts>
							<OnClick>
								OM_QuestMapQuestOptions_ShareQuest(OM_QuestMapFrame_GetDetailQuestID())
							</OnClick>
							<OnLeave function="GameTooltip_Hide"/>
						</Scripts>
					</Button>
					<Button parentKey="TrackButton" inherits="UIPanelButtonTemplate" text="TRACK_QUEST_ABBREV">
						<Size x="98" y="22"/>
						<Anchors>
							<Anchor point="LEFT" relativeKey="$parent.ShareButton" relativePoint="RIGHT"/>
						</Anchors>
						<Scripts>
							<OnClick>
								PlaySound(SOUNDKIT.IG_MAINMENU_OPTION_CHECKBOX_ON);
								OM_QuestMapQuestOptions_TrackQuest(OM_QuestMapFrame_GetDetailQuestID())
							</OnClick>
							<OnLeave function="GameTooltip_Hide"/>
						</Scripts>
					</Button>
				</Frames>
				<Scripts>
		          <OnShow function="OM_QuestDetailsFrame_OnShow"/>
		          <OnHide function="OM_QuestDetailsFrame_OnHide"/>
		        </Scripts>
		   </Frame>
   		  <Frame parentKey="CampaignOverview" inherits="OM_CampaignOverviewTemplate" hidden="true">
	        <Anchors>
	          <Anchor point="TOPLEFT" relativeKey="$parent.QuestsFrame"/>
	          <Anchor point="BOTTOMRIGHT" relativeKey="$parent.QuestsFrame"/>
	        </Anchors>
			</Frame>
		</Frames>
		<Scripts>
			<OnLoad function="OM_QuestMapFrame_OnLoad"/>
			<OnEvent function="OM_QuestMapFrame_OnEvent"/>
			<OnShow function="OM_QuestMapFrame_OnShow"/>
			<OnHide function="OM_QuestMapFrame_OnHide"/>
		</Scripts>
	</Frame>
</Ui>
