<Ui xmlns="http://www.blizzard.com/wow/ui/" xmlns:xsi="http://www.w3.org/2001/XMLSchema-instance" xsi:schemaLocation="http://www.blizzard.com/wow/ui/
..\FrameXML\UI.xsd">

  <Frame name="AuraFramesCancelCombatAura" parent="UIParent" hidden="true" frameStrata="TOOLTIP"  frameLevel="2">
    <Anchors>
      <Anchor point="CENTER"/>
    </Anchors>
    <Size>
      <AbsDimension x="600" y="400"/>
    </Size>
    <Backdrop edgeFile="Interface\Tooltips\UI-Tooltip-Border" bgFile="Interface\DialogFrame\UI-DialogBox-Background" tile="true">
      <EdgeSize>
        <AbsValue val="12"/>
      </EdgeSize>
      <TileSize>
        <AbsValue val="16"/>
      </TileSize>
      <BackgroundInsets>
        <AbsInset left="2" right="2" top="2" bottom="2"/>
      </BackgroundInsets>
    </Backdrop>
    <Layers>
      <Layer level="ARTWORK">
        <FontString text="Aura Frames - Cancel Combat Aura" inherits="GameFontNormalLarge">
          <Anchors>
            <Anchor point="TOP">
              <Offset>
                <AbsDimension x="0" y="-22" />
              </Offset>
            </Anchor>
          </Anchors>
        </FontString>
      </Layer>
    </Layers>
    <Frames>
      <Button name="$parentVisibility" inherits="SecureHandlerMouseUpDownTemplate" />
      <Frame name="$parentPlayer" inherits="SecureAuraHeaderTemplate" hidden="false">
        <Anchors>
          <Anchor point="TOPLEFT">
            <Offset>
              <AbsDimension x="22" y="-50" />
            </Offset>
          </Anchor>
        </Anchors>
      </Frame>
    </Frames>
  </Frame>

  <Button name="AuraFramesSecureButtonTemplate" inherits="SecureActionButtonTemplate" frameStrata="TOOLTIP" frameLevel="4" virtual="true">
    <Attributes>
      <Attribute name="type" value="cancelaura"/>
    </Attributes>
    <Size>
      <AbsDimension x="72" y="72"/>
    </Size>
    <Layers>
      <Layer level="BORDER">
        <Texture name="$parentIcon" />
      </Layer>
      <Layer level="ARTWORK">
        <FontString name="$parentCount" hidden="true" />
        <FontString name="$parentDuration" hidden="true" />
      </Layer>
      <Layer level="OVERLAY">
        <Texture name="$parentBorder" file="Interface\Buttons\UI-Debuff-Overlays" alphaMode="ADD">
          <TexCoords left="0.296875" right="0.5703125" top="0" bottom="0.515625"/>
        </Texture>
      </Layer>
    </Layers>
    <Scripts>
      <OnLoad>
        LibStub("AceAddon-3.0"):GetAddon("AuraFrames").CancelCombatAura:RegisterButton(self);
      </OnLoad>
    </Scripts>
  </Button>

</Ui>
