<Ui xmlns="http://www.blizzard.com/wow/ui/" xmlns:xsi="http://www.w3.org/2001/XMLSchema-instance" xsi:schemaLocation="http://www.blizzard.com/wow/ui/
..\FrameXML\UI.xsd">

  <Script  file="Libs\LibStub\LibStub.lua"/>
  <Include file="Libs\CallbackHandler-1.0\CallbackHandler-1.0.xml" />
  
  <Include file="Libs\AceAddon-3.0\AceAddon-3.0.xml" />
  <Include file="Libs\AceConsole-3.0\AceConsole-3.0.xml" />
  <Include file="Libs\AceDB-3.0\AceDB-3.0.xml" />
  <Script  file="Libs\LibDualSpec-1.0\LibDualSpec-1.0.lua" />

  <Include file="Libs\LibAura-1.0\LibAura-1.0.xml" />
  
  <Include file="Libs\LibSharedMedia-3.0\lib.xml" />
  
</Ui>
