<Ui xmlns="http://www.blizzard.com/wow/ui/" xmlns:xsi="http://www.w3.org/2001/XMLSchema-instance" xsi:schemaLocation="http://www.blizzard.com/wow/ui/
..\FrameXML\UI.xsd">
	<Script file="TitanReloadUI.lua"/>
	<Frame parent="UIParent">
		<Frames>
			<Button name="TitanPanelReloadUIButton" inherits="TitanPanelIconTemplate" frameStrata="FULLSCREEN" toplevel="true">
				<Scripts>
					<OnLoad>
						TitanPanelReloadUIButton_OnLoad(self);
						TitanPanelButton_OnLoad(self);
					</OnLoad>
					<OnClick>
						TitanPanelReloadUIButton_OnClick(self, arg1);
					</OnClick>
				</Scripts>
			</Button>
		</Frames>
	</Frame>	
</Ui>